domain,category
https://de.wikipedia.org,
https://de.wikipedia.org,
https://rnd.de,
https://rnd.de,
https://reuters.com,
https://tagesschau.de,
https://ndr.de,
https://deutschlandfunk.de,
https://deutsche-handwerks-zeitung.de,
https://reuters.com,
https://n-tv.de,
https://deutsche-handwerks-zeitung.de,
https://ft.com,
https://stimme.de,
https://apnews.com,
https://deutschlandfunk.de,
https://zdf.de,
https://zeit.de,
https://tagesschau.de,
https://stimme.de,
https://news.de,
https://apnews.com,
https://ft.com,
https://faz.net,
https://merkur.de,
https://donaukurier.de,
https://bundesregierung.de,
https://zeit.de,
https://elpais.com,
https://stern.de,
https://spiegel.de,
https://sueddeutsche.de,
https://germany.news-pravda.com,
https://donaukurier.de,
https://morgenpost.de,
https://faz.net,
https://n-tv.de,
https://mdr.de,
https://mdr.de,
https://merkur.de,
https://zdf.de,
https://ndr.de,
https://fr.de,
https://spiegel.de,
https://welt.de,
https://bundesregierung.de,
https://news.de,
https://tagesspiegel.de,
https://fr.de,
https://sueddeutsche.de,
https://elpais.com,
https://deutsch.news-pravda.com,
https://tagesspiegel.de,
https://t-online.de,
https://swr.de,
https://rbb24.de,
https://berlin.de,
https://berlin.de,
https://bundestag.de,
https://morgenpost.de,
https://welt.de,
https://bpb.de,
https://stern.de,
https://www1.wdr.de,
https://buerger-geld.org,
https://europa-mai.de,
https://upday.com,
https://lemonde.fr,
https://web.de,
https://upday.com,
https://br.de,
https://stuttgarter-nachrichten.de,
https://web.de,
https://europa-mai.de,
https://cadenaser.com,
https://hna.de,
https://bundeswahlleiterin.de,
https://bpb.de,
https://kuriose-feiertage.de,
https://augsburger-allgemeine.de,
https://taz.de,
https://finanznachrichten.de,
https://cadenaser.com,
https://learngerman.dw.com,
https://huffingtonpost.es,
https://bundestag.de,
https://huffingtonpost.es,
https://buerger-geld.org,
https://de.euronews.com,
https://en.wikipedia.org,
https://deutsche-wirtschafts-nachrichten.de,
https://it-boltwise.de,
https://www1.wdr.de,
https://t-online.de,
https://derstandard.de,
https://rbb24.de,
https://bild.de,
https://wiwa-lokal.de,
https://investmentweek.com,
https://deutsch.news-pravda.com,
https://dw.com,
https://termine.de,
https://heise.de,
https://srf.ch,
https://stuttgarter-nachrichten.de,
https://wirtschaftsdienst.eu,
https://ihk.de,
https://hna.de,
https://srf.ch,
https://focus.de,
https://vorreiter-zeitung.de,
https://lmy.de,
https://kultus.hessen.de,
https://cdu.de,
https://echo24.de,
https://stuttgarter-zeitung.de,
https://museum-karlshorst.de,
https://ard.de,
https://lemonde.fr,
https://finanzen.net,
https://kuriose-feiertage.de,
https://derstandard.de,
https://termine.de,
https://nachrichten-ag.com,
https://hasepost.de,
https://kulturprojekte.berlin,
https://evangelisch.de,
https://br.de,
https://bundeskanzler.de,
https://focus.de,
https://bundeskanzler.de,
https://augsburger-allgemeine.de,
https://onvista.de,
https://hanfverband.de,
https://museum-karlshorst.de,
https://en.wikipedia.org,
https://infranken.de,
https://ln-online.de,
https://ln-online.de,
https://de.marketscreener.com,
https://fes.de,
https://kulturprojekte.berlin,
https://kultus.hessen.de,
https://verbraucherzentrale.de,
https://deutsche-wirtschafts-nachrichten.de,
https://ariva.de,
https://lebenshilfe-offenbach.de,
https://support.microsoft.com,
https://chip.de,
https://cdu.de,
https://mitmischen.de,
https://europanetzwerk.hessen.de,
https://stuttgarter-zeitung.de,
https://kreisbote.de,
https://infranken.de,
https://axios.com,
https://berlin.vvn-bda.de,
https://europapark.de,
https://europe-day.europa.eu,
https://lmy.de,
https://bild.de,
https://finanznachrichten.de,
https://interaktiv.tagesspiegel.de,
https://berliner-kurier.de,
https://it-boltwise.de,
https://frankfurt.de,
https://nau.ch,
https://ariva.de,
https://consilium.europa.eu,
https://magazin-forum.de,
https://manager-magazin.de,
https://frankfurt.de,
https://evangelische-zeitung.de,
https://germany.news-pravda.com,
https://inforadio.de,
https://swr.de,
https://vorreiter-zeitung.de,
https://ardmediathek.de,
https://as.com,
https://diw.de,
https://maclife.de,
https://bmfsfj.de,
https://fes.de,
https://chroniknet.de,
https://connect.de,
https://marktundmittelstand.de,
https://prosieben.de,
https://badische-zeitung.de,
https://investmentweek.com,
https://vol.at,
https://bundesrat.de,
https://rentenbescheid24.de,
https://time.com,
https://dw.com,
https://wiwa-lokal.de,
https://abendzeitung-muenchen.de,
https://bmwk.de,
https://rtl.de,
https://bonn.de,
https://de.euronews.com,
https://1komma5.com,
https://bi-medien.de,
https://der-betrieb.de,
https://tarife-verzeichnis.de,
https://bundesrat.de,
https://moongiant.com,
https://apa.at,
https://bundespraesident.de,
https://institutfrancais.de,
https://nachrichten.ag,
https://verfassungsschutz.de,
https://theweek.com,
https://lto.de,
https://macgadget.de,
https://bmwk.de,
https://kleiner-kalender.de,
https://nordbayern.de,
https://bmuv.de,
https://gew.de,
https://capital.de,
https://deutschetageszeitung.de,
https://europanetzwerk.hessen.de,
https://hamburgeranzeiger.de,
https://rtl.de,
https://timesles.com,
https://wa.de,
https://hasepost.de,
https://it-times.de,
https://esslinger-zeitung.de,
https://hanfverband.de,
https://lebenshilfe-offenbach.de,
https://gmm-deutschland.de,
https://kaufsonntag.de,
https://tag24.de,
https://verbraucherservice-bayern.de,
https://learngerman.dw.com,
https://manager-magazin.de,
https://taz.de,
https://derwesten.de,
https://haufe.de,
https://l-iz.de,
https://los40.com,
https://muenchen.de,
https://berliner-tagesblatt.de,
https://correctiv.org,
https://express.de,
https://nordbayern.de,
https://oekotest.de,
https://presseportal.de,
https://swp.de,
https://theweek.com,
https://trtdeutsch.com,
https://berlin.vvn-bda.de,
https://sonntagsblatt.de,
https://spd.de,
https://swp.de,
https://greenpeace.de,
https://puls24.at,
https://saechsische.de,
https://watson.ch,
https://iwkoeln.de,
https://anwalt.de,
https://come-on.de,
https://lauterbacher-anzeiger.de,
https://ruhr24.de,
https://rentenbescheid24.de,
https://dstgb.de,
https://gegen-hartz.de,
https://gmx.net,
https://krankenkassen-direkt.de,
https://paritaet-bw.de,
https://finanzen.at,
https://muenchen.de,
https://stadtgui.de,
https://bonn.de,
https://esslinger-zeitung.de,
https://mitmischen.de,
https://schifffahrtundtechnik.de,
https://sonntagsblatt.de,
https://wa.de,
https://ewahlen.eu,
https://prosieben.de,
https://schulministerium.nrw,
https://bundeswahlleiterin.de,
https://daskrankenhaus.de,
https://inforadio.de,
https://lbbw.de,
https://nachrichten.fr,
https://orf.at,
https://rbb-online.de,
https://tichyseinblick.de,
https://bmi.bund.de,
https://bundesfinanzministerium.de,
https://consilium.europa.eu,
https://finanzen.net,
https://gegen-hartz.de,
https://kaufsonntag.de,
https://lto.de,
https://volksstimme.de,
https://vorwaerts.de,
https://wnoz.de,
https://bayern.de,
https://fh-kiel.de,
https://haustec.de,
https://interaktiv.morgenpost.de,
https://kleiner-kalender.de,
https://rescue.org,
https://ard.de,
https://bmuv.de,
https://cannstatter-zeitung.de,
https://caritas-dienstgeber.de,
https://chroniknet.de,
https://deutschlandfunkkultur.de,
https://rundumdeutschland.de,
https://bmfsfj.de,
https://dasding.de,
https://dubisthalle.de,
https://gleisslutz.com,
https://utopia.de,
https://vorwaerts.de,
https://wochenanzeiger.de,
https://bundestagswahl-bw.de,
https://evangelisch.de,
https://nachrichten.ag,
https://tages.guru,
https://watson.ch,
https://aerztezeitung.de,
https://apfeltalk.de,
https://base.bund.de,
https://bdk.de,
https://businessinsider.de,
https://deutschetageszeitung.de,
https://gov.uk,
https://mz.de,
https://oxfam.de,
https://verbraucheranwalt-online.de,
https://volksstimme.de,
https://europapark.de,
https://europe-day.europa.eu,
https://hamburger-bachchor.de,
https://volksbund.de,
https://allgaeuer-zeitung.de,
https://blick.de,
https://bundesbank.de,
https://derstandard.at,
https://diefarbedesgeldes.de,
https://finanzen.at,
https://telepolis.de,
https://visitbritain.com,
https://aerztezeitung.de,
https://auretas.de,
https://auswaertiges-amt.de,
https://de.headtopics.com,
https://kreisbote.de,
https://szbz.de,
https://biallo.de,
https://bmi.bund.de,
https://kreiszeitung.de,
https://spd.de,
https://table.media,
https://bbag-ev.de,
https://heutetag.com,
https://kulturlotse.de,
https://ruhr24.de,
https://amp.dw.com,
https://antenne.de,
https://auretas.de,
https://berliner-zeitung.de,
https://frankenfernsehen.tv,
https://ga.de,
https://pnp.de,
https://podcasts.apple.com,
https://schwaebische-post.de,
https://timesles.com,
https://vdi-nachrichten.com,
https://wochenblatt-reporter.de,
https://allgaeuer-zeitung.de,
https://berliner-zeitung.de,
https://bfs.de,
https://bluewin.ch,
https://es.wikipedia.org,
https://germany.representation.ec.europa.eu,
https://gmm-deutschland.de,
https://goerlitz.de,
https://koeln.de,
https://time.com,
https://verfassungsschutz.de,
https://worldvoiceday.org,
https://24hamburg.de,
https://9-mai.eu,
https://bloomberg.com,
https://business-standard.com,
https://filmportal.de,
https://frieden-sichern.dgvn.de,
https://germany.representation.ec.europa.eu,
https://it-recht-kanzlei.de,
https://japandigest.de,
https://m.focus.de,
https://nachdenkseiten.de,
https://netzwelt.de,
https://oe1.orf.at,
https://politico.eu,
https://region.landshut.de,
https://vaticannews.va,
